{
  "times": [
    4.55485987663269,
    4.9678404331207275,
    3.975935220718384,
    3.6484508514404297,
    4.165030241012573,
    5.425693988800049,
    4.612598657608032,
    4.763971567153931,
    3.8364784717559814,
    4.5257580280303955,
    4.140578985214233,
    3.921335220336914,
    3.9828684329986572,
    5.431173324584961,
    4.774179935455322,
    3.737750768661499,
    5.1519904136657715,
    4.544934511184692,
    4.0320470333099365,
    4.202685117721558
  ],
  "average": 4.419808053970337
}