{
  "times": [
    18.270866870880127,
    31.033321380615234,
    23.340187311172485,
    21.739349365234375,
    19.36698269844055,
    6.4006547927856445,
    4.172294616699219,
    4.190359592437744,
    4.311180353164673,
    4.2972252368927,
    4.030663728713989,
    5.610109329223633,
    3.5204057693481445,
    4.2500550746917725,
    4.678381681442261,
    4.275740623474121,
    4.430294513702393,
    3.678436756134033,
    3.6819908618927,
    4.740893363952637
  ],
  "average": 9.000969696044923
}