{
  "times": [
    97.82121062278748,
    75.36747241020203,
    134.4437108039856
  ],
  "average": 102.5441312789917
}