{
  "times": [
    4.038729190826416,
    5.500657558441162,
    3.9115967750549316,
    4.5849833488464355,
    4.131677627563477,
    3.828930616378784,
    3.7899608612060547,
    3.0452353954315186,
    4.803433179855347,
    4.5749595165252686,
    4.06715726852417,
    3.9266321659088135,
    4.230868339538574,
    4.001850843429565,
    4.933751583099365,
    3.720741033554077,
    4.8656206130981445,
    4.803116798400879,
    3.857079267501831,
    3.835538864135742
  ],
  "average": 4.222626042366028
}