{
  "times": [
    4.694601774215698,
    4.774407148361206,
    4.294302225112915,
    3.6258161067962646,
    4.033418893814087,
    4.500151634216309,
    3.8282313346862793,
    3.964960813522339,
    4.506385326385498,
    4.65320348739624,
    4.016587495803833,
    3.5642387866973877,
    4.686054944992065,
    4.132822751998901,
    3.812824249267578,
    3.8839282989501953,
    6.186246395111084,
    3.6627683639526367,
    3.6964075565338135,
    3.931709051132202
  ],
  "average": 4.222453331947326
}