{
  "times": [
    4.65320348739624,
    4.016587495803833,
    3.5642387866973877,
    4.686054944992065,
    4.132822751998901,
    3.812824249267578,
    3.8839282989501953,
    6.186246395111084,
    3.6627683639526367,
    3.6964075565338135,
    3.931709051132202,
    144.47711062431335,
    145.91174817085266,
    148.59322881698608,
    7.847836256027222,
    15.491737604141235,
    18.20360493659973,
    17.65855312347412,
    17.308568716049194,
    28.08542227745056
  ],
  "average": 29.490230095386504
}