{
  "times": [
    3.8521769046783447,
    3.911252975463867,
    4.7783203125,
    5.198312282562256,
    3.4345057010650635,
    3.838369369506836,
    4.710546970367432,
    4.106656074523926,
    4.143933534622192,
    4.061569929122925,
    3.957782030105591,
    5.114683389663696,
    4.920214653015137,
    5.368057727813721,
    4.4083757400512695,
    4.959721565246582,
    3.882176399230957,
    3.911792516708374,
    3.4605956077575684,
    5.017733097076416
  ],
  "average": 4.351838839054108
}