{
  "times": [
    3.9338512420654297,
    4.951482772827148,
    5.09408974647522,
    4.534563302993774,
    3.7962942123413086,
    3.756549835205078,
    4.383558988571167,
    3.7829864025115967,
    4.71990442276001,
    4.592063665390015,
    4.627149343490601,
    3.928759813308716,
    4.2258336544036865,
    3.777616500854492,
    3.426129102706909,
    4.023228406906128,
    3.7032246589660645,
    4.246077299118042,
    5.205687522888184,
    3.6415443420410156
  ],
  "average": 4.217529761791229
}