{
  "times": [
    3.806061267852783,
    3.982081174850464,
    4.011155605316162,
    3.822582244873047,
    3.964994430541992,
    4.470807313919067,
    4.37192702293396,
    4.128274202346802,
    4.829827070236206,
    4.236507415771484,
    5.170717000961304,
    3.970578670501709,
    3.6024324893951416,
    4.09472393989563,
    5.069319725036621,
    4.230340242385864,
    4.119662761688232,
    4.285262584686279,
    3.8683300018310547,
    3.821650266647339
  ],
  "average": 4.192861771583557
}