{
  "times": [
    97.82121062278748,
    75.36747241020203,
    134.4437108039856,
    92.85820150375366,
    94.66299939155579,
    95.0140438079834,
    103.29713773727417
  ],
  "average": 99.06639661107745
}